<?xml version='1.0' encoding='UTF-8'?>
<widget xmlns="http://www.w3.org/ns/widgets" xmlns:intelxdk="http://xdk.intel.com/ns/v1" id="blank.playradio.template" version="0.0.1" android-versionCode="1">
<!--This file is generated by the Intel XDK. Do not edit this file as your edits will be lost.           -->
<!--To change the contents of this file, see the documentation on the intelxdk.config.additions.xml file.-->
<intelxdk:version value="1.1"/>
<intelxdk:cordova-cli version="6.2.0"/>
<name>playradio</name>
<description>Template playradio App Designer UI editor.</description>
<author>Davidsonbpe</author>
<content src="index.html"/>
<access origin="*"/>
<icon platform="android" src="icon/icon-36.png" density="ldpi" width="36" height="36"/>
<icon platform="android" src="icon/icon-48.png" density="mdpi" width="48" height="48"/>
<icon platform="android" src="icon/icon-72.png" density="hdpi" width="72" height="72"/>
<icon platform="android" src="icon/icon-96.png" density="xhdpi" width="96" height="96"/>
<intelxdk:plugin intelxdk:name="Cordova Legacy Whitelist Plugin (added by Intel XDK)" intelxdk:value="cordova-plugin-legacy-whitelist" intelxdk:version="1.1.1"/>
<preference name="android-minSdkVersion" value="14"/>
<preference name="android-targetSdkVersion" value="19"/>
<preference name="android-installLocation" value="auto"/>
<platform name="android">
<preference name="Orientation" value="portrait"/></platform>
<!--creationInfo:{"src":"https://appcenter.html5tools-software.intel.com/api/v2.0/redirect/projectrenderers/release-2015-ww32/webapp/templates-blank-ad-project/sample.zip","projectTypeName":"com.intel.xdk.projecttype.webapp"}-->
<preference name="debuggable" value="false"/></widget>