<?xml version='1.0' encoding='UTF-8'?>
<widget xmlns="http://www.w3.org/ns/widgets" xmlns:intelxdk="http://xdk.intel.com/ns/v1" id="blank.playradio.template" version="0.0.0.1">
<!--This file is generated by the Intel XDK. Do not edit this file as your edits will be lost.           -->
<!--To change the contents of this file, see the documentation on the intelxdk.config.additions.xml file.-->
<intelxdk:version value="1.1"/>
<intelxdk:cordova-cli version="6.2.0"/>
<name>playradio</name>
<description>Template playradio App Designer UI editor.</description>
<author>Davidsonbpe</author>
<content src="index.html"/>
<access origin="*"/>
<icon platform="windows" src="icon/icon-30.png" width="30" height="30"/>
<icon platform="windows" src="icon/icon-50.png" width="50" height="50"/>
<icon platform="windows" src="icon/icon-150.png" width="150" height="150"/>
<splash platform="windows" src="icon/620-300.png" width="620" height="300" orientation="landscape"/>
<preference name="windows-publisher-display-name"/>
<preference name="windows-publisher-id"/>
<!--creationInfo:{"src":"https://appcenter.html5tools-software.intel.com/api/v2.0/redirect/projectrenderers/release-2015-ww32/webapp/templates-blank-ad-project/sample.zip","projectTypeName":"com.intel.xdk.projecttype.webapp"}-->
<preference name="debuggable" value="false"/></widget>