<?xml version='1.0' encoding='UTF-8'?>
<widget xmlns="http://www.w3.org/ns/widgets" xmlns:intelxdk="http://xdk.intel.com/ns/v1" id="xdk.intel.blank.ad.template" version="0.0.1">
<!--This file is generated by the Intel XDK. Do not edit this file as your edits will be lost.           -->
<!--To change the contents of this file, see the documentation on the intelxdk.config.additions.xml file.-->
<intelxdk:version value="1.1"/>
<name>playradio</name>
<description>Template to develop a packaged mobile web app using the App Designer UI editor.</description>
<author>Intel XDK</author>
<content src="index.html"/>
<!--creationInfo:{"src":"https://appcenter.html5tools-software.intel.com/api/v2.0/redirect/projectrenderers/release-2015-ww32/webapp/templates-blank-ad-project/sample.zip","projectTypeName":"com.intel.xdk.projecttype.webapp"}-->
<preference name="debuggable" value="false"/></widget>