<?xml version='1.0' encoding='UTF-8'?>
<widget xmlns="http://www.w3.org/ns/widgets" xmlns:intelxdk="http://xdk.intel.com/ns/v1" id="com.decom.dev.app" version="0.0.1" android-versionCode="1">
<!--This file is generated by the Intel XDK. Do not edit this file as your edits will be lost.           -->
<!--To change the contents of this file, see the documentation on the intelxdk.config.additions.xml file.-->
<intelxdk:version value="1.1"/>
<intelxdk:cordova-cli version="6.2.0"/>
<name>DECOM DEV-APP</name>
<description>App Developer por Davidsonbpe</description>
<author>Davidsonbpe</author>
<content src="index.html"/>
<access origin="*"/>
<allow-intent href="http://*/*"/>
<allow-intent href="https://*/*"/>
<allow-intent href="tel:*"/>
<allow-intent href="sms:*"/>
<allow-intent href="mailto:*"/>
<allow-intent href="geo:*"/>
<allow-intent href="market:*"/>
<icon platform="android" src="package-assets/res/icons/android/icon-36-ldpi.png" density="ldpi" width="36" height="36"/>
<icon platform="android" src="package-assets/res/icons/android/icon-48-mdpi.png" density="mdpi" width="48" height="48"/>
<icon platform="android" src="package-assets/res/icons/android/icon-72-hdpi.png" density="hdpi" width="72" height="72"/>
<icon platform="android" src="package-assets/res/icons/android/icon-96-xhdpi.png" density="xhdpi" width="96" height="96"/>
<splash platform="android" src="package-assets/res/screens/android/screen-hdpi-portrait.png" density="ldpi" width="320" height="426" orientation="portrait"/>
<splash platform="android" src="package-assets/res/screens/android/screen-mdpi-portrait.png" density="mdpi" width="320" height="470" orientation="portrait"/>
<splash platform="android" src="package-assets/res/screens/android/screen-xhdpi-portrait.png" density="hdpi" width="480" height="640" orientation="portrait"/>
<splash platform="android" src="package-assets/res/screens/android/screen-xxxhdpi-portrait.png" density="xhdpi" width="960" height="720" orientation="landscape"/>
<splash platform="android" src="package-assets/res/screens/android/screen-xhdpi-portrait2.png" density="mdpi" width="470" height="320" orientation="landscape"/>
<splash platform="android" src="package-assets/res/screens/android/screen-xxxhdpi-portrait3.png" density="hdpi" width="640" height="480" orientation="landscape"/>
<intelxdk:plugin intelxdk:name="StatusBar" intelxdk:value="cordova-plugin-statusbar" intelxdk:version="2.1.3" intelxdk:checksum="c0146fbc" intelxdk:type="file"/>
<intelxdk:plugin intelxdk:name="Device" intelxdk:value="cordova-plugin-device" intelxdk:version="1.1.2" intelxdk:checksum="2373ccea" intelxdk:type="file"/>
<intelxdk:plugin intelxdk:name="Splashscreen" intelxdk:value="cordova-plugin-splashscreen" intelxdk:version="3.2.2" intelxdk:checksum="47137083" intelxdk:type="file"/>
<intelxdk:plugin intelxdk:name="Cordova Network Whitelist Plugin (added by Intel XDK)" intelxdk:value="cordova-plugin-whitelist" intelxdk:version="1.2.2"/>
<preference name="android-minSdkVersion" value="14"/>
<preference name="android-targetSdkVersion" value="21"/>
<preference name="android-installLocation" value="auto"/>
<preference name="Fullscreen" value="false"/>
<platform name="android">
<preference name="Orientation" value="default"/></platform>
<preference name="android-signed" value="true"/>
<preference name="splashscreen" value="splash"/>
<!--creationInfo:{"src":"jsapp/template-blank-cordova-ad-project/sample.zip","projectTypeName":"com.intel.xdk.projecttype.jsapp"}-->
<preference name="debuggable" value="false"/>
<platform name="ios">
    <!-- below requires the splash screen plugin -->
    <!-- docs: https://github.com/apache/cordova-plugin-splashscreen -->
    <preference name="AutoHideSplashScreen" value="true"/>
    <preference name="FadeSplashScreen" value="false"/>
    <preference name="FadeSplashScreenDuration" value="2"/>
    <preference name="ShowSplashScreenSpinner" value="false"/>

    <!-- below requires the status bar plugin -->
    <!-- docs: https://github.com/apache/cordova-plugin-statusbar -->
    <!-- see http://devgirl.org/2014/07/31/phonegap-developers-guid -->
    <preference name="StatusBarOverlaysWebView" value="false"/>
    <preference name="StatusBarBackgroundColor" value="#000000"/>
    <preference name="StatusBarStyle" value="lightcontent"/>
</platform>
<platform name="android">
    <!-- below requires the splash screen plugin -->
    <!-- docs: https://github.com/apache/cordova-plugin-splashscreen -->
    <preference name="SplashMaintainAspectRatio" value="false"/>
</platform>
<intelxdk:crosswalk xmlns:intelxdk="http://xdk.intel.com/ns/v1" xwalk-command-line="--disable-pull-to-refresh-effect"/>
<intelxdk:crosswalk xmlns:intelxdk="http://xdk.intel.com/ns/v1" xwalk-command-line="--ignore-gpu-blacklist"/></widget>